Date,month,year,day of the week,Open,High,Low,Close,Adj Close,Volume
11-03-2021,Mar,2021,Thursday,74.93,77.779999,70.129997,73.900002,73.900002,59629300
12-03-2021,Mar,2021,Friday,72.470001,72.959999,69.110001,69.699997,69.699997,19714700
15-03-2021,Mar,2021,Monday,70.019997,74.059998,66.25,72.150002,72.150002,19549800
16-03-2021,Mar,2021,Tuesday,73.730003,78,73.18,77,77,30274400
17-03-2021,Mar,2021,Wednesday,76.029999,79.099998,74.889999,76.790001,76.790001,10054100
18-03-2021,Mar,2021,Thursday,76,77,66.800003,67.300003,67.300003,9627400
19-03-2021,Mar,2021,Friday,69.470001,72.699997,68.080002,70.5,70.5,6776500
22-03-2021,Mar,2021,Monday,71.809998,72.489998,69.540001,70,70,4238500
23-03-2021,Mar,2021,Tuesday,70.099998,71.75,67.629997,68,68,4456000
24-03-2021,Mar,2021,Wednesday,69.970001,70,64.010002,64.5,64.5,5460000
25-03-2021,Mar,2021,Thursday,62.009998,69.849998,60.689999,67.849998,67.849998,6283000
26-03-2021,Mar,2021,Friday,67.889999,71.199997,64.769997,70.970001,70.970001,4531200
29-03-2021,Mar,2021,Monday,69,69.089996,66.510002,67.029999,67.029999,4351600
30-03-2021,Mar,2021,Tuesday,66.980003,66.989998,64.474998,65.169998,65.169998,3394500
31-03-2021,Mar,2021,Wednesday,65.5,67.190002,64.57,64.830002,64.830002,4094900
01-04-2021,Apr,2021,Thursday,66.800003,69.669998,65.900002,67.339996,67.339996,4063100
05-04-2021,Apr,2021,Monday,70.139999,72.860001,68.559998,70.760002,70.760002,8609500
06-04-2021,Apr,2021,Tuesday,71.239998,72.389999,70.760002,71.32,71.32,3915500
07-04-2021,Apr,2021,Wednesday,70.699997,71.139999,67.879997,68.730003,68.730003,4424800
08-04-2021,Apr,2021,Thursday,69.470001,71.489998,68.839996,70.760002,70.760002,4244000
09-04-2021,Apr,2021,Friday,70.5,74.989998,70.205002,71.830002,71.830002,9245500
12-04-2021,Apr,2021,Monday,71.82,77,71.510002,75,75,8004100
13-04-2021,Apr,2021,Tuesday,74.690002,83.410004,73.510002,82.050003,82.050003,17893700
14-04-2021,Apr,2021,Wednesday,79.110001,80.57,74.051003,75.349998,75.349998,14785800
15-04-2021,Apr,2021,Thursday,75.5,80.75,74.559998,79.660004,79.660004,8841100
16-04-2021,Apr,2021,Friday,78,79.360001,75.120003,75.849998,75.849998,5156200
19-04-2021,Apr,2021,Monday,75.870003,78.300003,71.43,72,72,6637700
20-04-2021,Apr,2021,Tuesday,71.5,71.739998,67.300003,69.239998,69.239998,8393600
21-04-2021,Apr,2021,Wednesday,68.809998,71.989998,67.599998,71.760002,71.760002,4525000
22-04-2021,Apr,2021,Thursday,71.5,73.790001,69.099998,69.849998,69.849998,3372200
23-04-2021,Apr,2021,Friday,70.040001,72.379997,69.589996,71.779999,71.779999,2729300
26-04-2021,Apr,2021,Monday,72,75.919998,71.309998,74.900002,74.900002,4192700
27-04-2021,Apr,2021,Tuesday,74.769997,75.370003,72.330002,74.349998,74.349998,3200600
28-04-2021,Apr,2021,Wednesday,74.769997,76.93,73.639999,75.639999,75.639999,3084300
29-04-2021,Apr,2021,Thursday,76.709999,77.599998,72.830002,76.120003,76.120003,4374900
30-04-2021,Apr,2021,Friday,74.809998,76.989998,73.910004,74.550003,74.550003,2420200
03-05-2021,May,2021,Monday,74.860001,75.099998,70.610001,71.080002,71.080002,3212200
04-05-2021,May,2021,Tuesday,71,71.690002,67.657997,69.620003,69.620003,5379900
05-05-2021,May,2021,Wednesday,70.599998,70.879997,66.459999,66.589996,66.589996,4584800
06-05-2021,May,2021,Thursday,66.5,67,63.830002,65.059998,65.059998,6004200
07-05-2021,May,2021,Friday,67.010002,68.480003,66.199997,67.900002,67.900002,4808200
10-05-2021,May,2021,Monday,68.839996,69.290001,64,64,64,8124100
11-05-2021,May,2021,Tuesday,64.879997,77.787003,64.699997,77.650002,77.650002,30995000
12-05-2021,May,2021,Wednesday,74.209999,76,71.089996,75.529999,75.529999,20823900
13-05-2021,May,2021,Thursday,75.150002,75.150002,67.510002,69.68,69.68,17769500
14-05-2021,May,2021,Friday,71.199997,73.43,69.25,70.949997,70.949997,7676300
17-05-2021,May,2021,Monday,70.949997,76.970001,70.910004,76.93,76.93,16797600
18-05-2021,May,2021,Tuesday,76.699997,77.589996,73.480003,74.989998,74.989998,11688200
19-05-2021,May,2021,Wednesday,70.330002,76.269997,70.330002,75.220001,75.220001,10886300
20-05-2021,May,2021,Thursday,75.720001,76.910004,73.010002,76.330002,76.330002,10951000
21-05-2021,May,2021,Friday,77.480003,84.684998,77.309998,82.5,82.5,31672600
24-05-2021,May,2021,Monday,82.599998,89.639999,82.5,89.230003,89.230003,23117700
25-05-2021,May,2021,Tuesday,90,90.110001,85.510002,89.32,89.32,14314600
26-05-2021,May,2021,Wednesday,89.949997,95,88.75,89.709999,89.709999,17543500
27-05-2021,May,2021,Thursday,89.260002,97.5,87.589996,97.470001,97.470001,19850300
28-05-2021,May,2021,Friday,96.849998,98.949997,92.529999,93.769997,93.769997,13462600
01-06-2021,Jun,2021,Tuesday,94.769997,97.93,93.220001,96.889999,96.889999,13632300
02-06-2021,Jun,2021,Wednesday,96.879997,103.290001,95.389999,99.860001,99.860001,16728900
03-06-2021,Jun,2021,Thursday,98.830002,102.050003,96.269997,96.5,96.5,10907500
04-06-2021,Jun,2021,Friday,100.68,103.865997,98.519997,99.57,99.57,14672000
07-06-2021,Jun,2021,Monday,99.339996,100.949997,93.279999,93.440002,93.440002,15214600
08-06-2021,Jun,2021,Tuesday,93.610001,94.224998,88.889999,91.410004,91.410004,14403900
09-06-2021,Jun,2021,Wednesday,91.790001,95.989998,90.650002,91.040001,91.040001,12739300
10-06-2021,Jun,2021,Thursday,91.199997,91.821999,86.830002,91,91,12269200
11-06-2021,Jun,2021,Friday,91.970001,94.769997,91.150002,92.82,92.82,8673800
14-06-2021,Jun,2021,Monday,93.260002,93.260002,87.57,87.800003,87.800003,11659500
15-06-2021,Jun,2021,Tuesday,87.709999,90.760002,86.839996,89.800003,89.800003,10831800
16-06-2021,Jun,2021,Wednesday,82.879997,86.419998,79.879997,82.589996,82.589996,43922800
17-06-2021,Jun,2021,Thursday,84.760002,86.334999,82,82.980003,82.980003,12307700
18-06-2021,Jun,2021,Friday,82.970001,83.400002,80.080002,81.139999,81.139999,11130600
21-06-2021,Jun,2021,Monday,80.57,83.360001,78.559998,82.510002,82.510002,11289400
22-06-2021,Jun,2021,Tuesday,83.07,83.860001,80.5,82.440002,82.440002,10138600
23-06-2021,Jun,2021,Wednesday,83.199997,85.449997,82,84.860001,84.860001,8015500
24-06-2021,Jun,2021,Thursday,83.5,87.699997,83.360001,87.339996,87.339996,8836200
25-06-2021,Jun,2021,Friday,88,88.940002,85.07,87,87,7594500
28-06-2021,Jun,2021,Monday,86.989998,94.389999,86.989998,93.040001,93.040001,14046500
29-06-2021,Jun,2021,Tuesday,91.550003,93.309998,89.800003,92.599998,92.599998,7806500
30-06-2021,Jun,2021,Wednesday,92.559998,92.900002,89.910004,89.980003,89.980003,4366900
01-07-2021,Jul,2021,Thursday,89.889999,89.989998,84.207001,85.82,85.82,10272300
02-07-2021,Jul,2021,Friday,87.160004,87.239998,84.889999,86.199997,86.199997,5807700
06-07-2021,Jul,2021,Tuesday,87.32,88.75,85.32,86.980003,86.980003,6301400
07-07-2021,Jul,2021,Wednesday,87.849998,89.348,85.650002,86.400002,86.400002,6153000
08-07-2021,Jul,2021,Thursday,83.279999,88.050003,82.514999,86.879997,86.879997,6729500
09-07-2021,Jul,2021,Friday,87.290001,87.300003,85.120003,86.260002,86.260002,3936700
12-07-2021,Jul,2021,Monday,87.099998,89.870003,84.849998,86.540001,86.540001,6762000
13-07-2021,Jul,2021,Tuesday,86.339996,86.449997,83.150002,84.019997,84.019997,9196200
14-07-2021,Jul,2021,Wednesday,84.040001,84.239998,79.07,79.169998,79.169998,10466700
15-07-2021,Jul,2021,Thursday,79.059998,80.290001,75.589996,77.279999,77.279999,10502400
16-07-2021,Jul,2021,Friday,78.459999,79.110001,76.989998,77.559998,77.559998,4641500
19-07-2021,Jul,2021,Monday,75.849998,79.980003,74.779999,79.239998,79.239998,5407200
20-07-2021,Jul,2021,Tuesday,80.779999,80.980003,77.449997,79.860001,79.860001,4816100
21-07-2021,Jul,2021,Wednesday,79.660004,80.57,78.480003,79.910004,79.910004,4077300
22-07-2021,Jul,2021,Thursday,80.669998,82.18,80.110001,82.029999,82.029999,4362500
23-07-2021,Jul,2021,Friday,82.32,83.25,80.353996,81.830002,81.830002,3151300
26-07-2021,Jul,2021,Monday,80.099998,81.25,77,77.629997,77.629997,6524100
27-07-2021,Jul,2021,Tuesday,77.629997,78.279999,71.959999,76.190002,76.190002,12323800
28-07-2021,Jul,2021,Wednesday,77,79.199997,76.150002,79.129997,79.129997,4977600
29-07-2021,Jul,2021,Thursday,79.150002,79.190002,76.730003,76.849998,76.849998,3941200
30-07-2021,Jul,2021,Friday,76.32,77.550003,75.830002,76.980003,76.980003,3262400
02-08-2021,Aug,2021,Monday,77,79,76.110001,78.309998,78.309998,3971300
03-08-2021,Aug,2021,Tuesday,77.110001,77.5,73.459999,77.489998,77.489998,9686300
04-08-2021,Aug,2021,Wednesday,77.040001,81.93,76.550003,81.650002,81.650002,9308900
05-08-2021,Aug,2021,Thursday,79.739998,81.040001,78.696999,80.57,80.57,4354500
06-08-2021,Aug,2021,Friday,79.919998,82.476997,77.650002,77.919998,77.919998,4681600
09-08-2021,Aug,2021,Monday,79.089996,86.739998,78.470001,85.510002,85.510002,16103400
10-08-2021,Aug,2021,Tuesday,85.440002,85.669998,83.099998,85.080002,85.080002,8272900
11-08-2021,Aug,2021,Wednesday,85.779999,87.514999,82.889999,84.690002,84.690002,6531500
12-08-2021,Aug,2021,Thursday,84.040001,84.709999,81.209999,82.650002,82.650002,3992400
13-08-2021,Aug,2021,Friday,83.017998,84.179001,81.5,83.959999,83.959999,4218800
16-08-2021,Aug,2021,Monday,83.699997,84.190002,79.139999,79.57,79.57,12998900
17-08-2021,Aug,2021,Tuesday,74.893997,81.300003,73.900002,78.68,78.68,21772300
18-08-2021,Aug,2021,Wednesday,79.220001,84.400002,79,83.459999,83.459999,13036300
19-08-2021,Aug,2021,Thursday,81.669998,82.5,79.849998,81.349998,81.349998,7561800
20-08-2021,Aug,2021,Friday,81.129997,84.559998,81.129997,82.769997,82.769997,5696800
23-08-2021,Aug,2021,Monday,83.050003,85.169998,80.849998,85.059998,85.059998,9943800
24-08-2021,Aug,2021,Tuesday,85.239998,89.949997,85.089996,89.260002,89.260002,12816900
25-08-2021,Aug,2021,Wednesday,89.639999,90.949997,87.639999,90.339996,90.339996,7444200
26-08-2021,Aug,2021,Thursday,88.650002,90.379997,85.75,85.809998,85.809998,5740900
27-08-2021,Aug,2021,Friday,86.690002,87.010002,84.800003,85.400002,85.400002,5235600
30-08-2021,Aug,2021,Monday,84.599998,84.800003,80,81.870003,81.870003,9742800
31-08-2021,Aug,2021,Tuesday,81.879997,83.050003,81.410004,82.050003,82.050003,4759400
01-09-2021,Sep,2021,Wednesday,81.050003,85.330002,80.910004,84.449997,84.449997,4600500
02-09-2021,Sep,2021,Thursday,85.440002,86.739998,83.699997,84.599998,84.599998,3728500
03-09-2021,Sep,2021,Friday,83.199997,84.040001,81.580002,82.870003,82.870003,5449700
07-09-2021,Sep,2021,Tuesday,83.82,85.290001,82.449997,84.970001,84.970001,5911600
08-09-2021,Sep,2021,Wednesday,84.120003,84.849998,81.910004,83.510002,83.510002,4387100
09-09-2021,Sep,2021,Thursday,81.660004,87.735001,81.660004,86.349998,86.349998,10906900
10-09-2021,Sep,2021,Friday,86.75,90.43,84.669998,87.879997,87.879997,17466000
13-09-2021,Sep,2021,Monday,87.470001,88.879997,84.25,84.650002,84.650002,7188100
14-09-2021,Sep,2021,Tuesday,83.160004,85.129997,81.690002,82.330002,82.330002,7644000
15-09-2021,Sep,2021,Wednesday,80.870003,82.599998,78.769997,82.150002,82.150002,7501200
16-09-2021,Sep,2021,Thursday,82.129997,83.349998,81.040001,81.419998,81.419998,5055000
17-09-2021,Sep,2021,Friday,81.190002,81.43,79.050003,80.809998,80.809998,5927400
20-09-2021,Sep,2021,Monday,78.150002,79.940002,76.769997,77.769997,77.769997,5663100
21-09-2021,Sep,2021,Tuesday,78.379997,79.169998,77.110001,78.849998,78.849998,5328100
22-09-2021,Sep,2021,Wednesday,79.290001,81.5,78.910004,81.18,81.18,7989000
23-09-2021,Sep,2021,Thursday,81.5,83.25,80.949997,82.279999,82.279999,4262600
24-09-2021,Sep,2021,Friday,82.099998,84.5,82,83.220001,83.220001,4962200
27-09-2021,Sep,2021,Monday,83.18,83.300003,78.660004,79.989998,79.989998,8049800
28-09-2021,Sep,2021,Tuesday,79.050003,79.580002,77,77.050003,77.050003,6492600
29-09-2021,Sep,2021,Wednesday,77.32,79.074997,76.260002,76.309998,76.309998,5488500
30-09-2021,Sep,2021,Thursday,76.660004,76.766998,74.050003,75.550003,75.550003,6928600
01-10-2021,Oct,2021,Friday,75.989998,75.989998,73.480003,75.589996,75.589996,3896000
04-10-2021,Oct,2021,Monday,75.379997,78.209999,74.5,77.800003,77.800003,7651500
05-10-2021,Oct,2021,Tuesday,76.150002,76.343002,72.32,72.57,72.57,16184300
06-10-2021,Oct,2021,Wednesday,72.059998,74.400002,71.099998,73.699997,73.699997,6988900
07-10-2021,Oct,2021,Thursday,74.099998,76.400002,73.019997,74.800003,74.800003,6987200
08-10-2021,Oct,2021,Friday,75.099998,75.199997,70.190002,70.440002,70.440002,11768800
11-10-2021,Oct,2021,Monday,70.629997,71.849998,69.769997,70.220001,70.220001,5036700
12-10-2021,Oct,2021,Tuesday,70.599998,72,70.199997,71.900002,71.900002,4368500
13-10-2021,Oct,2021,Wednesday,72.339996,75.068001,72.199997,74.779999,74.779999,5108300
14-10-2021,Oct,2021,Thursday,75.519997,75.839996,74.230003,74.349998,74.349998,4540800
15-10-2021,Oct,2021,Friday,74.919998,77.209999,74.099998,76.580002,76.580002,5094800
18-10-2021,Oct,2021,Monday,77.459999,78.370003,76.230003,77.800003,77.800003,3793400
19-10-2021,Oct,2021,Tuesday,78.260002,79.419998,78.199997,79.169998,79.169998,3666700
20-10-2021,Oct,2021,Wednesday,79.400002,80.169998,78.400002,78.580002,78.580002,3565200
21-10-2021,Oct,2021,Thursday,78.089996,83.769997,77.010002,83.190002,83.190002,10928400
22-10-2021,Oct,2021,Friday,81.849998,84.779999,80.709999,83.980003,83.980003,5746400
25-10-2021,Oct,2021,Monday,81.519997,85.129997,81.279999,83.209999,83.209999,5674200
26-10-2021,Oct,2021,Tuesday,81.190002,84.75,80.830002,80.889999,80.889999,6833100
27-10-2021,Oct,2021,Wednesday,81.330002,82.949997,80.459999,80.68,80.68,3668400
28-10-2021,Oct,2021,Thursday,80.919998,83.5,79.110001,82.75,82.75,6321000
29-10-2021,Oct,2021,Friday,82.889,86.150002,82.07,84.019997,84.019997,8722300
01-11-2021,Nov,2021,Monday,83.949997,84.089996,80.57,81.139999,81.139999,6274200
02-11-2021,Nov,2021,Tuesday,81.199997,81.940002,79.389999,79.589996,79.589996,4551300
03-11-2021,Nov,2021,Wednesday,79.860001,80.592003,78.019997,78.360001,78.360001,4730900
04-11-2021,Nov,2021,Thursday,79.230003,82.639999,78.849998,82.529999,82.529999,6702200
05-11-2021,Nov,2021,Friday,82.050003,82.080002,77.050003,77.989998,77.989998,6717100
08-11-2021,Nov,2021,Monday,79.019997,79.019997,76.830002,77,77,16708400
09-11-2021,Nov,2021,Tuesday,99.599998,109.970001,94.379997,109.519997,109.519997,93507300
10-11-2021,Nov,2021,Wednesday,103.980003,104.459999,93.019997,95.260002,95.260002,43838100
11-11-2021,Nov,2021,Thursday,96.260002,100.410004,93.029999,98.120003,98.120003,27837100
12-11-2021,Nov,2021,Friday,97.32,107.970001,96.849998,107.580002,107.580002,36418600
15-11-2021,Nov,2021,Monday,108.440002,110.349998,103.82,108.059998,108.059998,24749500
16-11-2021,Nov,2021,Tuesday,107.010002,120.830002,104.199997,116.18,116.18,53305900
17-11-2021,Nov,2021,Wednesday,117.099998,125.879997,116.550003,124.699997,124.699997,44293300
18-11-2021,Nov,2021,Thursday,129.279999,138.770004,120.809998,126.120003,126.120003,59193300
19-11-2021,Nov,2021,Friday,129.869995,138.199997,128.539993,134.720001,134.720001,38313200
22-11-2021,Nov,2021,Monday,140.735001,141.600006,117.32,120.220001,120.220001,57760200
23-11-2021,Nov,2021,Tuesday,119.870003,121.289001,113.330002,114.870003,114.870003,25930900
24-11-2021,Nov,2021,Wednesday,116.68,126,115.809998,124.230003,124.230003,28221200
26-11-2021,Nov,2021,Friday,129.5,131,120.239998,122.650002,122.650002,11288400
29-11-2021,Nov,2021,Monday,125.137001,129.899994,121.050003,129.360001,129.360001,17703000
30-11-2021,Nov,2021,Tuesday,128.529999,137.710007,124.974998,126.099998,126.099998,37000900
01-12-2021,Dec,2021,Wednesday,128.139999,130.740005,111,113.410004,113.410004,35002100
02-12-2021,Dec,2021,Thursday,114.279999,119.910004,113.220001,116.919998,116.919998,18703700
03-12-2021,Dec,2021,Friday,117.889999,120.839996,109.360001,113.790001,113.790001,15529200
06-12-2021,Dec,2021,Monday,108.519997,114.269997,104.209999,113.25,113.25,15186900
07-12-2021,Dec,2021,Tuesday,118.360001,120.160004,115.099998,115.989998,115.989998,14766600
08-12-2021,Dec,2021,Wednesday,116.040001,125.5,113.849998,124.779999,124.779999,18413300
09-12-2021,Dec,2021,Thursday,123.739998,125.989998,115.349998,116.300003,116.300003,13753600
10-12-2021,Dec,2021,Friday,117.540001,121.797997,113.57,115.889999,115.889999,11778200
13-12-2021,Dec,2021,Monday,115.68,115.800003,107.370003,111.769997,111.769997,13091400
14-12-2021,Dec,2021,Tuesday,108.730003,110.699997,105.349998,107.669998,107.669998,10989100
15-12-2021,Dec,2021,Wednesday,98.010002,99.75,93.519997,97.949997,97.949997,43177300
16-12-2021,Dec,2021,Thursday,101.849998,102.32,93.269997,95.209999,95.209999,17835700
17-12-2021,Dec,2021,Friday,95.989998,103.5,93.800003,102.400002,102.400002,20705600
20-12-2021,Dec,2021,Monday,97.18,101.059998,96.589996,98.690002,98.690002,12550600
21-12-2021,Dec,2021,Tuesday,99.93,103.379997,97,102.589996,102.589996,10005100
22-12-2021,Dec,2021,Wednesday,102.279999,106.980003,101.540001,102.769997,102.769997,12469700
23-12-2021,Dec,2021,Thursday,102.355003,103.214996,98.082001,101.82,101.82,9023900
27-12-2021,Dec,2021,Monday,101.599998,108.779999,101.599998,105.010002,105.010002,16094500
28-12-2021,Dec,2021,Tuesday,104.790001,106.690002,97.919998,98.739998,98.739998,16707100
29-12-2021,Dec,2021,Wednesday,98.699997,99.535004,94.275002,97.339996,97.339996,10005100
30-12-2021,Dec,2021,Thursday,96.400002,101.349998,95.660004,100.529999,100.529999,10013300
31-12-2021,Dec,2021,Friday,100.75,104.68,100.650002,103.160004,103.160004,16934900
03-01-2022,Jan,2022,Monday,101.910004,103.790001,97.620003,98.809998,98.809998,16964300
04-01-2022,Jan,2022,Tuesday,99.019997,99.25,91.769997,95.150002,95.150002,23034600
05-01-2022,Jan,2022,Wednesday,93.519997,95.834,88.059998,88.540001,88.540001,15510000
06-01-2022,Jan,2022,Thursday,87.989998,92.080002,84.690002,89.199997,89.199997,17213300
07-01-2022,Jan,2022,Friday,86.379997,88.690002,82.580002,84.370003,84.370003,25003600
10-01-2022,Jan,2022,Monday,83.690002,85.599998,79.019997,85.519997,85.519997,19182100
11-01-2022,Jan,2022,Tuesday,84.830002,90.089996,84.250999,89.040001,89.040001,13972200
12-01-2022,Jan,2022,Wednesday,90.309998,90.309998,86.699997,89.059998,89.059998,14057900
13-01-2022,Jan,2022,Thursday,89.550003,89.589996,80.110001,80.18,80.18,20964300
14-01-2022,Jan,2022,Friday,79.349998,81.739998,77.419998,79.050003,79.050003,18642200
18-01-2022,Jan,2022,Tuesday,80.440002,82.449997,76.754997,77.209999,77.209999,23959200
19-01-2022,Jan,2022,Wednesday,78.235001,80.109001,75.169998,76.160004,76.160004,16892600
20-01-2022,Jan,2022,Thursday,77.660004,80.910004,75.080002,75.389999,75.389999,16838300
21-01-2022,Jan,2022,Friday,74.190002,74.919998,68.330002,68.93,68.93,26043700
24-01-2022,Jan,2022,Monday,65.410004,71.32,60.580002,70.739998,70.739998,33280600
25-01-2022,Jan,2022,Tuesday,67.959999,69.952003,64.660004,65.290001,65.290001,20959500
26-01-2022,Jan,2022,Wednesday,68.096001,70.129997,61.189999,63.02,63.02,25741900
27-01-2022,Jan,2022,Thursday,63.990002,64.529999,56.77,57.060001,57.060001,33439600
28-01-2022,Jan,2022,Friday,57.360001,59.900002,53.630001,58.18,58.18,30682200
31-01-2022,Jan,2022,Monday,60.66,66.379997,60.040001,65.860001,65.860001,27942900
01-02-2022,Feb,2022,Tuesday,66.309998,69.25,63.299999,67.75,67.75,33738200
02-02-2022,Feb,2022,Wednesday,67.324997,68.759003,64.18,66.169998,66.169998,17257900
03-02-2022,Feb,2022,Thursday,62.299999,64.970001,59.630001,60.669998,60.669998,32647600
04-02-2022,Feb,2022,Friday,61.669998,64.300003,59.91,63.740002,63.740002,16078300
07-02-2022,Feb,2022,Monday,63.950001,66.949997,62.549999,63.060001,63.060001,17694100
08-02-2022,Feb,2022,Tuesday,62.619999,64.699997,60.91,64.43,64.43,13816200
09-02-2022,Feb,2022,Wednesday,65.459999,71.419998,64.660004,70.480003,70.480003,27292500
10-02-2022,Feb,2022,Thursday,68.25,73.389999,67.099998,69.919998,69.919998,28605700
11-02-2022,Feb,2022,Friday,68.970001,72.209999,65.750999,66.809998,66.809998,21780400
14-02-2022,Feb,2022,Monday,68.209999,71.82,66.800003,68.32,68.32,26296100
15-02-2022,Feb,2022,Tuesday,69.059998,73.709999,66.339996,73.300003,73.300003,50879500
16-02-2022,Feb,2022,Wednesday,56.080002,59,53.080002,53.869999,53.869999,94625800
17-02-2022,Feb,2022,Thursday,55.139999,56.900002,53.555,54.490002,54.490002,53402200
18-02-2022,Feb,2022,Friday,54.400002,54.41,48.130001,49.720001,49.720001,51159600
22-02-2022,Feb,2022,Tuesday,48.23,49.07,45.720001,48.209999,48.209999,38780300
23-02-2022,Feb,2022,Wednesday,47.599998,48.849998,45.634998,45.68,45.68,20266900
24-02-2022,Feb,2022,Thursday,43.099998,50.5,43.099998,50.099998,50.099998,31971800
25-02-2022,Feb,2022,Friday,49.57,50.200001,47.25,50.049999,50.049999,21783600
28-02-2022,Feb,2022,Monday,50.689999,52.700001,48.220001,51.57,51.57,20385400
01-03-2022,Mar,2022,Tuesday,51.84,52.43,49.820999,50.220001,50.220001,16097900
02-03-2022,Mar,2022,Wednesday,49.900002,50.07,46.43,48.450001,48.450001,20016900
03-03-2022,Mar,2022,Thursday,48.52,48.52,45,45.240002,45.240002,18977400
04-03-2022,Mar,2022,Friday,46.029999,46.099998,41.950001,42.290001,42.290001,19359100
07-03-2022,Mar,2022,Monday,43.169998,44.060001,41.150002,41.299999,41.299999,17648200
08-03-2022,Mar,2022,Tuesday,40.880001,43.369999,39.509998,41.91,41.91,17363100
09-03-2022,Mar,2022,Wednesday,42.764999,45.75,42.009998,44.380001,44.380001,18344800
10-03-2022,Mar,2022,Thursday,43.689999,43.689999,39.740002,41.470001,41.470001,23528800
11-03-2022,Mar,2022,Friday,42.400002,42.985001,39.200001,39.240002,39.240002,15212700
14-03-2022,Mar,2022,Monday,38.060001,39.418999,36.330002,36.68,36.68,23358300
15-03-2022,Mar,2022,Tuesday,36.169998,38.619999,36.043999,37.869999,37.869999,23447200
16-03-2022,Mar,2022,Wednesday,38.57,41.790001,38.459999,41.509998,41.509998,21427100
17-03-2022,Mar,2022,Thursday,40.150002,46.555,40.009998,46.349998,46.349998,31971500
18-03-2022,Mar,2022,Friday,45.889999,50.240002,45.610001,49.619999,49.619999,33933300
21-03-2022,Mar,2022,Monday,49.009998,49.34,45.509998,46.619999,46.619999,22342000
22-03-2022,Mar,2022,Tuesday,46.439999,51.610001,46.209999,50.509998,50.509998,25528300
23-03-2022,Mar,2022,Wednesday,49.619999,53,48.150002,50.709999,50.709999,21607000
24-03-2022,Mar,2022,Thursday,50.25,50.810001,47.23,50.790001,50.790001,17030700
25-03-2022,Mar,2022,Friday,50.310001,50.363998,46.150002,47.07,47.07,21109900
28-03-2022,Mar,2022,Monday,47.669998,49.290001,46.119999,48.400002,48.400002,18599800
29-03-2022,Mar,2022,Tuesday,49,51.529999,48,50.919998,50.919998,20011200
30-03-2022,Mar,2022,Wednesday,50.09,52.52,47.810001,48.119999,48.119999,20247000
31-03-2022,Mar,2022,Thursday,48.470001,48.549999,46.110001,46.240002,46.240002,13789500
01-04-2022,Apr,2022,Friday,46.970001,47.290001,44.700001,46.02,46.02,15782200
04-04-2022,Apr,2022,Monday,46.810001,50.720001,46.410999,50.02,50.02,17863100
05-04-2022,Apr,2022,Tuesday,49.700001,50.669998,47.599998,49.029999,49.029999,16789600
06-04-2022,Apr,2022,Wednesday,48.02,48.02,44.630001,45.889999,45.889999,18574200
07-04-2022,Apr,2022,Thursday,46.415001,47.970001,42.549999,44.73,44.73,29139000
08-04-2022,Apr,2022,Friday,43.82,45.439999,42.77,43.099998,43.099998,18296500
11-04-2022,Apr,2022,Monday,42.48,44.701,40.860001,44.02,44.02,17180300
12-04-2022,Apr,2022,Tuesday,44.610001,46.790001,42.799999,43,43,18299000
13-04-2022,Apr,2022,Wednesday,43.34,45.93,42.16,44.970001,44.970001,17132500
14-04-2022,Apr,2022,Thursday,44.529999,44.82,42.34,42.360001,42.360001,13482300
18-04-2022,Apr,2022,Monday,41.900002,41.939999,39.27,40.849998,40.849998,19366100
19-04-2022,Apr,2022,Tuesday,39.279999,42.869999,38.650002,42,42,20957500
20-04-2022,Apr,2022,Wednesday,40.540001,40.759998,36.049999,36.75,36.75,37932100
21-04-2022,Apr,2022,Thursday,37.279999,37.549999,34.34,34.610001,34.610001,22536700
22-04-2022,Apr,2022,Friday,35,35.830002,33.540001,34.349998,34.349998,18453300
25-04-2022,Apr,2022,Monday,33.990002,35.130001,33.669998,34.610001,34.610001,20815400
26-04-2022,Apr,2022,Tuesday,34.25,34.349998,31.620001,31.76,31.76,24176700
27-04-2022,Apr,2022,Wednesday,30.639999,31.93,29.9,30.360001,30.360001,27858300
28-04-2022,Apr,2022,Thursday,30.83,32.669998,29.52,32.110001,32.110001,24732000
29-04-2022,Apr,2022,Friday,31.75,33.529999,30.610001,30.65,30.65,19191000
02-05-2022,May,2022,Monday,30.280001,32.744999,30,32.68,32.68,17155000
03-05-2022,May,2022,Tuesday,32.09,33.84,31.799999,33.099998,33.099998,16264500
04-05-2022,May,2022,Wednesday,32.790001,35.060001,30.77,34.880001,34.880001,20852400
05-05-2022,May,2022,Thursday,34.189999,34.189999,29.931999,30.440001,30.440001,21665800
06-05-2022,May,2022,Friday,30.91,31,27.33,27.809999,27.809999,30794900
09-05-2022,May,2022,Monday,27.15,27.49,24.389999,24.610001,24.610001,28258400
10-05-2022,May,2022,Tuesday,25.1,25.67,21.65,23.190001,23.190001,53591400
11-05-2022,May,2022,Wednesday,21.92,28.370001,21.889999,23.969999,23.969999,105794300
12-05-2022,May,2022,Thursday,23.35,31.110001,22.610001,28.58,28.58,95005400
13-05-2022,May,2022,Friday,30.360001,33.189999,29.870001,32.970001,32.970001,57201800
16-05-2022,May,2022,Monday,32.23,36.43,31.43,32.139999,32.139999,68469900
17-05-2022,May,2022,Tuesday,32.880001,34.078999,29.889999,31.940001,31.940001,48152300
18-05-2022,May,2022,Wednesday,31.65,34.66,30.93,32.549999,32.549999,42974700
19-05-2022,May,2022,Thursday,33,35.689999,31.57,34.349998,34.349998,45346800
20-05-2022,May,2022,Friday,34.5,35.209999,29.5,31.6,31.6,42991900
23-05-2022,May,2022,Monday,31,32.09,29.67,30.059999,30.059999,30376000
24-05-2022,May,2022,Tuesday,29.08,29.08,26.309999,27.07,27.07,35394300
25-05-2022,May,2022,Wednesday,27.459999,29.370001,27.42,28.93,28.93,28428000
26-05-2022,May,2022,Thursday,28.27,30.825001,27.889999,30.59,30.59,19608100
27-05-2022,May,2022,Friday,31,31.99,29.889999,31.809999,31.809999,22641500
31-05-2022,May,2022,Tuesday,32.560001,33.369999,29.450001,29.940001,29.940001,44581300
01-06-2022,Jun,2022,Wednesday,29.84,31.129999,28.190001,28.940001,28.940001,23093100
02-06-2022,Jun,2022,Thursday,29.030001,33.898998,28.959999,33.48,33.48,31343300
03-06-2022,Jun,2022,Friday,32.389999,32.389999,29.860001,30,30,24899800
06-06-2022,Jun,2022,Monday,30.950001,31.77,29.77,31.16,31.16,19262000
07-06-2022,Jun,2022,Tuesday,30.959999,32.02,30.09,31.440001,31.440001,17808800
08-06-2022,Jun,2022,Wednesday,31.93,34.25,31.68,32.830002,32.830002,26455400
09-06-2022,Jun,2022,Thursday,32.459999,32.740002,30.469999,30.5,30.5,18179100
10-06-2022,Jun,2022,Friday,29.110001,29.92,27.67,27.76,27.76,25118100
13-06-2022,Jun,2022,Monday,26.110001,26.719999,25.15,26.459999,26.459999,26198800
14-06-2022,Jun,2022,Tuesday,26.969999,26.969999,25.18,26.120001,26.120001,18507500
15-06-2022,Jun,2022,Wednesday,25.809999,29.290001,25.360001,28.9,28.9,39872500
16-06-2022,Jun,2022,Thursday,27.209999,27.639999,23.879999,24.690001,24.690001,37915100
17-06-2022,Jun,2022,Friday,24.74,27.27,24.565001,26.870001,26.870001,27819700
21-06-2022,Jun,2022,Tuesday,27.57,29.98,27.4,29.639999,29.639999,27383300
22-06-2022,Jun,2022,Wednesday,28.82,31.940001,28.76,31.120001,31.120001,32828800
23-06-2022,Jun,2022,Thursday,31.379999,34.68,30.5,34.48,34.48,39179500
24-06-2022,Jun,2022,Friday,35.07,36.889999,34.73,36.419998,36.419998,68215900
27-06-2022,Jun,2022,Monday,36,36.040001,33.779999,35.93,35.93,29741400
28-06-2022,Jun,2022,Tuesday,35.700001,37.48,34.060001,34.490002,34.490002,23948700
29-06-2022,Jun,2022,Wednesday,34.209999,35.009998,33.34,34.02,34.02,20325700
30-06-2022,Jun,2022,Thursday,34,34.049999,31.83,32.860001,32.860001,29942300
01-07-2022,Jul,2022,Friday,34.060001,36,33.959999,35.07,35.07,32754600
05-07-2022,Jul,2022,Tuesday,34.549999,40.349998,33.900002,39.990002,39.990002,59571100
06-07-2022,Jul,2022,Wednesday,39.060001,40,37.41,37.950001,37.950001,33629400
07-07-2022,Jul,2022,Thursday,37.950001,39.810001,37.778999,39.52,39.52,31467300
08-07-2022,Jul,2022,Friday,38.970001,44.5,38.529999,41.25,41.25,64027700
11-07-2022,Jul,2022,Monday,39.950001,40.349998,37.48,38.41,38.41,30345400
12-07-2022,Jul,2022,Tuesday,39.029999,40.459999,37.040001,38.220001,38.220001,33116500
13-07-2022,Jul,2022,Wednesday,36.959999,37.740002,35.779999,37.080002,37.080002,31184000
14-07-2022,Jul,2022,Thursday,37.799999,38.830002,36.695,37.490002,37.490002,26820400
15-07-2022,Jul,2022,Friday,38.41,40.238998,37.349998,39.77,39.77,28323400
18-07-2022,Jul,2022,Monday,40.424999,41.439999,39.150002,39.75,39.75,27096300
19-07-2022,Jul,2022,Tuesday,39.900002,40.080002,38.16,39.849998,39.849998,20644000
20-07-2022,Jul,2022,Wednesday,40.02,42.355,39.950001,40.759998,40.759998,28015700
21-07-2022,Jul,2022,Thursday,40.549999,42.450001,40.290001,41.919998,41.919998,21827200
22-07-2022,Jul,2022,Friday,41.93,42.740002,38.91,39.400002,39.400002,22493800
25-07-2022,Jul,2022,Monday,38.849998,40.189999,37.740002,39.84,39.84,17454600
26-07-2022,Jul,2022,Tuesday,39.439999,39.540001,37.860001,39,39,15668500
27-07-2022,Jul,2022,Wednesday,40.099998,42.720001,39.389999,41.950001,41.950001,21235700
28-07-2022,Jul,2022,Thursday,41.68,42.990002,40.16,42.98,42.98,17714900
29-07-2022,Jul,2022,Friday,42.98,43.799999,41.669998,42.93,42.93,16524700
01-08-2022,Aug,2022,Monday,42.369999,45.830002,41.68,45.240002,45.240002,24181300
02-08-2022,Aug,2022,Tuesday,44.509998,47.200001,44.25,45.290001,45.290001,20201300
03-08-2022,Aug,2022,Wednesday,45.900002,47.509998,45.700001,47,47,15025100
04-08-2022,Aug,2022,Thursday,46.860001,48.235001,46.52,47.959999,47.959999,14673000
05-08-2022,Aug,2022,Friday,46.98,49.91,46.41,49.240002,49.240002,21143700
08-08-2022,Aug,2022,Monday,48.130001,50.900002,48.02,48.900002,48.900002,21346300
09-08-2022,Aug,2022,Tuesday,47.98,49.706001,46.720001,47.349998,47.349998,33978800
10-08-2022,Aug,2022,Wednesday,44.900002,48.360001,42.709999,48.009998,48.009998,64849700
11-08-2022,Aug,2022,Thursday,49,53.880001,48.599998,49.560001,49.560001,51720000
12-08-2022,Aug,2022,Friday,50,51.439999,48.380001,51.150002,51.150002,24482400
15-08-2022,Aug,2022,Monday,50.470001,52.150002,48.73,48.959999,48.959999,17188100
16-08-2022,Aug,2022,Tuesday,48.529999,48.59,45.700001,47.759998,47.759998,26070400
17-08-2022,Aug,2022,Wednesday,47.189999,47.950001,45.169998,46.099998,46.099998,20183900
18-08-2022,Aug,2022,Thursday,45.810001,45.830002,44.279999,45.09,45.09,15175400
19-08-2022,Aug,2022,Friday,44.560001,44.580002,41.939999,42.68,42.68,15983700
22-08-2022,Aug,2022,Monday,41.84,43.5,41.23,41.5,41.5,14859600
23-08-2022,Aug,2022,Tuesday,41.73,42.639999,40.91,41.07,41.07,14042300
24-08-2022,Aug,2022,Wednesday,41.285,42.650002,41.18,41.18,41.18,11233000
25-08-2022,Aug,2022,Thursday,41.619999,42.255001,40.139999,41.470001,41.470001,12204500
26-08-2022,Aug,2022,Friday,42.650002,42.98,39.435001,39.560001,39.560001,16646000
29-08-2022,Aug,2022,Monday,38.639999,39.98,37.790001,39.220001,39.220001,14127200
30-08-2022,Aug,2022,Tuesday,40.189999,40.68,38.220001,39.029999,39.029999,13348400
31-08-2022,Aug,2022,Wednesday,39.950001,40.790001,38.709999,39.110001,39.110001,11534000
01-09-2022,Sep,2022,Thursday,38.580002,38.779999,36.560001,38.509998,38.509998,14721100
02-09-2022,Sep,2022,Friday,39.009998,39.369999,37.52,37.939999,37.939999,12155700
06-09-2022,Sep,2022,Tuesday,37.57,38.139999,35.650002,37.91,37.91,16687200
07-09-2022,Sep,2022,Wednesday,37.73,39.945,37.52,39.939999,39.939999,14116200
08-09-2022,Sep,2022,Thursday,39.23,41.880001,39.060001,41.860001,41.860001,16315700
09-09-2022,Sep,2022,Friday,42.790001,45.77,42.66,45.529999,45.529999,23394400
12-09-2022,Sep,2022,Monday,44.330002,46.59,44.029999,46.57,46.57,18639600
13-09-2022,Sep,2022,Tuesday,44,45.209999,43.23,43.869999,43.869999,16857600
14-09-2022,Sep,2022,Wednesday,43.450001,45.915001,42.540001,45.07,45.07,18469700
15-09-2022,Sep,2022,Thursday,44.459999,47.049999,42.009998,43.5,43.5,32722100
16-09-2022,Sep,2022,Friday,41.919998,41.919998,38.810001,39.5,39.5,50198200
19-09-2022,Sep,2022,Monday,38.959999,39.040001,36.84,37.110001,37.110001,17794500
20-09-2022,Sep,2022,Tuesday,36.849998,37.59,36.259998,36.41,36.41,15256000
21-09-2022,Sep,2022,Wednesday,36.66,37.77,35.77,35.810001,35.810001,15884700
22-09-2022,Sep,2022,Thursday,35.439999,36.139999,34.900002,35.259998,35.259998,14895500
23-09-2022,Sep,2022,Friday,34.549999,35.580002,33.564999,35.540001,35.540001,15492500
26-09-2022,Sep,2022,Monday,36.279999,37.950001,35.48,35.549999,35.549999,25436700
27-09-2022,Sep,2022,Tuesday,36.66,38.080002,36.029999,36.59,36.59,21989600
28-09-2022,Sep,2022,Wednesday,36.93,38.59,36.555,38.040001,38.040001,15877100
29-09-2022,Sep,2022,Thursday,37.259998,37.41,35.310001,35.380001,35.380001,14100200
30-09-2022,Sep,2022,Friday,34.98,36.810001,34.812,35.84,35.84,12784200
03-10-2022,Oct,2022,Monday,34.889999,36.669998,33.605,36.41,36.41,21713000
04-10-2022,Oct,2022,Tuesday,37.75,39.150002,37.363998,38.68,38.68,18832000
05-10-2022,Oct,2022,Wednesday,37.959999,38.490002,36.759998,38,38,14085200
06-10-2022,Oct,2022,Thursday,38.400002,39.810001,37.57,39.150002,39.150002,15304500
07-10-2022,Oct,2022,Friday,37.950001,38.060001,34.419998,34.82,34.82,20549600
10-10-2022,Oct,2022,Monday,34.705002,35.889999,33.91,35.400002,35.400002,12815100
11-10-2022,Oct,2022,Tuesday,33.700001,35.599998,33.200001,34.560001,34.560001,21176500
12-10-2022,Oct,2022,Wednesday,34.450001,37.696999,34.450001,37.189999,37.189999,24981200
13-10-2022,Oct,2022,Thursday,35.419998,38.110001,34.110001,37.919998,37.919998,28731600
14-10-2022,Oct,2022,Friday,38.700001,39.189999,35.48,35.560001,35.560001,14748400
17-10-2022,Oct,2022,Monday,41.200001,43.66,40.509998,42.610001,42.610001,71231000
18-10-2022,Oct,2022,Tuesday,43.029999,44.299999,42.310001,43.380001,43.380001,34742000
19-10-2022,Oct,2022,Wednesday,42.09,43.151001,41.099998,41.439999,41.439999,16168300
20-10-2022,Oct,2022,Thursday,41.240002,43.32,41.240002,42.57,42.57,16379000
21-10-2022,Oct,2022,Friday,41.509998,43.389999,40.91,42.810001,42.810001,16932900
24-10-2022,Oct,2022,Monday,41.799999,42.299999,40.41,41.849998,41.849998,11460600
25-10-2022,Oct,2022,Tuesday,43.540001,45.849998,43.209999,45.709999,45.709999,19444400
26-10-2022,Oct,2022,Wednesday,45.82,47.669998,45.27,45.5,45.5,17120000
27-10-2022,Oct,2022,Thursday,45.549999,46.900002,44.726002,46.5,46.5,11431900
28-10-2022,Oct,2022,Friday,46.169998,46.73,45.220001,45.779999,45.779999,9221300
31-10-2022,Oct,2022,Monday,45.48,45.900002,43.972,44.740002,44.740002,10325500
01-11-2022,Nov,2022,Tuesday,45.509998,46.939999,44.244999,44.310001,44.310001,8403600
02-11-2022,Nov,2022,Wednesday,44.080002,45.549999,42.709999,42.869999,42.869999,10591000
03-11-2022,Nov,2022,Thursday,42.099998,45.830002,42.07,43.299999,43.299999,13460800
04-11-2022,Nov,2022,Friday,45.064999,45.59,39.544998,40.580002,40.580002,16634900
07-11-2022,Nov,2022,Monday,39.959999,40.540001,37.849998,39.82,39.82,16341500
08-11-2022,Nov,2022,Tuesday,39.639999,40.950001,38.700001,39.139999,39.139999,15155600
09-11-2022,Nov,2022,Wednesday,35.310001,36.75,30.681999,30.92,30.92,46247300
10-11-2022,Nov,2022,Thursday,33.330002,33.799999,31.280001,33.73,33.73,25224500
11-11-2022,Nov,2022,Friday,34,36.900002,33.060001,36.740002,36.740002,21854500
14-11-2022,Nov,2022,Monday,36.150002,36.93,34.84,35.599998,35.599998,13073100
15-11-2022,Nov,2022,Tuesday,37.34,38.68,36.369999,36.73,36.73,16314300
16-11-2022,Nov,2022,Wednesday,36.07,36.200001,34.310001,34.41,34.41,13179300
17-11-2022,Nov,2022,Thursday,33.369999,33.445,31.91,32.529999,32.529999,14114100
18-11-2022,Nov,2022,Friday,33.080002,33.130001,31.08,31.719999,31.719999,11037100
21-11-2022,Nov,2022,Monday,31.370001,31.48,29.459999,30.77,30.77,16315500
22-11-2022,Nov,2022,Tuesday,30.610001,31.122999,29.719999,30.84,30.84,11601500
23-11-2022,Nov,2022,Wednesday,31.219999,32.189999,31.162001,32,32,11847900
25-11-2022,Nov,2022,Friday,31.5,31.93,31.290001,31.76,31.76,4046800
28-11-2022,Nov,2022,Monday,31.309999,31.719999,30.809999,30.879999,30.879999,12423300
29-11-2022,Nov,2022,Tuesday,31.450001,31.59,29.67,29.83,29.83,11417500
30-11-2022,Nov,2022,Wednesday,29.84,31.83,29.809999,31.77,31.77,15477400
01-12-2022,Dec,2022,Thursday,32.130001,33.578999,31.530001,33.389999,33.389999,15946100
02-12-2022,Dec,2022,Friday,31.83,34.014999,31.709999,33.990002,33.990002,15831100
05-12-2022,Dec,2022,Monday,33.689999,34.695,31.129999,31.24,31.24,11567500
06-12-2022,Dec,2022,Tuesday,31.365,31.59,30.290001,30.65,30.65,10188300
07-12-2022,Dec,2022,Wednesday,30.465,31.040001,30.138,30.77,30.77,8244900
08-12-2022,Dec,2022,Thursday,30.91,31.985001,30.049999,31.93,31.93,8847300
09-12-2022,Dec,2022,Friday,31.85,32.509998,31.440001,31.65,31.65,7860200
12-12-2022,Dec,2022,Monday,31.84,33.610001,31.65,33.32,33.32,13501400
13-12-2022,Dec,2022,Tuesday,35,35.369999,31.27,32.25,32.25,16276800
14-12-2022,Dec,2022,Wednesday,32.099998,33.75,31.780001,33.130001,33.130001,13499500
15-12-2022,Dec,2022,Thursday,29.35,29.799999,26.855,27.91,27.91,40121100
16-12-2022,Dec,2022,Friday,27.6,27.888,26.6,27.620001,27.620001,21720600
19-12-2022,Dec,2022,Monday,27.59,27.639999,26.23,27.190001,27.190001,13155600
20-12-2022,Dec,2022,Tuesday,27.01,28.209999,26.799999,27.58,27.58,11905700
21-12-2022,Dec,2022,Wednesday,27.040001,28.389999,26.780001,28.09,28.09,12505000
22-12-2022,Dec,2022,Thursday,27.610001,27.888,25.700001,26.43,26.43,12842900
23-12-2022,Dec,2022,Friday,26.309999,26.780001,25.32,26.75,26.75,10774500
27-12-2022,Dec,2022,Tuesday,26.219999,26.73,25.459999,26.33,26.33,11084000
28-12-2022,Dec,2022,Wednesday,26.17,26.58,25.594999,26.16,26.16,9948900
29-12-2022,Dec,2022,Thursday,26.610001,27.440001,26.190001,27.09,27.09,11301200
30-12-2022,Dec,2022,Friday,26.459999,28.540001,26.459999,28.459999,28.459999,15884700
03-01-2023,Jan,2023,Tuesday,28.91,29.620001,27.24,27.85,27.85,13439400
04-01-2023,Jan,2023,Wednesday,28.59,29.049999,27.76,29.040001,29.040001,11799100
05-01-2023,Jan,2023,Thursday,28.834999,30.1,28.5,29.98,29.98,13696500
06-01-2023,Jan,2023,Friday,30.209999,30.676001,28.775,28.879999,28.879999,14444400
09-01-2023,Jan,2023,Monday,29.41,31.33,29.41,30.77,30.77,18246700
10-01-2023,Jan,2023,Tuesday,30.41,32.029999,30.389999,32.009998,32.009998,10156900
11-01-2023,Jan,2023,Wednesday,33,33.5,32.240002,32.900002,32.900002,12662600
12-01-2023,Jan,2023,Thursday,32.900002,33.244999,32.07,33.18,33.18,10674800
13-01-2023,Jan,2023,Friday,32.77,33.43,32.59,33.209999,33.209999,10184800
17-01-2023,Jan,2023,Tuesday,38.07,38.299999,36.009998,37.119999,37.119999,33311200
18-01-2023,Jan,2023,Wednesday,37.189999,37.349998,35.41,35.759998,35.759998,17099900
19-01-2023,Jan,2023,Thursday,33,34.119999,32.740002,33.41,33.41,20781200
20-01-2023,Jan,2023,Friday,33.68,35.619999,33.291,35.380001,35.380001,14017100
23-01-2023,Jan,2023,Monday,35.5,36.75,35.099998,36.509998,36.509998,9872500
24-01-2023,Jan,2023,Tuesday,37.970001,37.970001,34.380001,35.59,35.59,5685800
25-01-2023,Jan,2023,Wednesday,34.450001,35.950001,33.883999,35.700001,35.700001,9114100
26-01-2023,Jan,2023,Thursday,37.310001,37.779999,35.195,35.970001,35.970001,9882700
27-01-2023,Jan,2023,Friday,35.790001,38.134998,35.790001,37.75,37.75,13095400
30-01-2023,Jan,2023,Monday,36.744999,37.155998,35.349998,35.529999,35.529999,8977700
31-01-2023,Jan,2023,Tuesday,35.959999,37.290001,35.740002,37.209999,37.209999,9242900
01-02-2023,Feb,2023,Wednesday,37.080002,38.650002,36.709999,38.240002,38.240002,11213100
02-02-2023,Feb,2023,Thursday,39.669998,41.575001,39.369999,40.48,40.48,17277900
03-02-2023,Feb,2023,Friday,38.32,40.294998,37.91,38.540001,38.540001,14357300
06-02-2023,Feb,2023,Monday,37.700001,39.349998,37.66,38.990002,38.990002,7781500
07-02-2023,Feb,2023,Tuesday,38.860001,38.999001,37.416,38.669998,38.669998,8935300
08-02-2023,Feb,2023,Wednesday,38.459999,39.630001,37.470001,37.509998,37.509998,8696200
09-02-2023,Feb,2023,Thursday,38.330002,38.970001,36.380001,36.400002,36.400002,10531700
10-02-2023,Feb,2023,Friday,35.099998,35.904999,34.57,34.82,34.82,10077600
13-02-2023,Feb,2023,Monday,34.610001,35.23,34.220001,34.43,34.43,8016600
14-02-2023,Feb,2023,Tuesday,34.305,35.77,33.68,35.669998,35.669998,11224500
15-02-2023,Feb,2023,Wednesday,42.07,45.34,41.900002,45.080002,45.080002,50423700
16-02-2023,Feb,2023,Thursday,44.290001,46.049999,43.380001,43.580002,43.580002,22342500
17-02-2023,Feb,2023,Friday,42.709999,42.709999,40.605,40.880001,40.880001,22918100
21-02-2023,Feb,2023,Tuesday,39.310001,40.029999,37.435001,37.560001,37.560001,16504300
22-02-2023,Feb,2023,Wednesday,37.82,38.150002,36.73,37.549999,37.549999,12573400
23-02-2023,Feb,2023,Thursday,37.84,37.950001,35.814999,37.380001,37.380001,11424300
24-02-2023,Feb,2023,Friday,36.549999,37.07,35.860001,36.959999,36.959999,10343400
27-02-2023,Feb,2023,Monday,37.189999,37.595001,36.389999,36.650002,36.650002,9384800
28-02-2023,Feb,2023,Tuesday,36.48,37.43,36.34,36.639999,36.639999,10020300
01-03-2023,Mar,2023,Wednesday,37.27,37.700001,36.509998,37.48,37.48,9360300
02-03-2023,Mar,2023,Thursday,37.014999,39.279999,36.77,39.23,39.23,13820600
03-03-2023,Mar,2023,Friday,39.560001,41.939999,39.560001,41.369999,41.369999,16508500
06-03-2023,Mar,2023,Monday,41.619999,42.119999,40.544998,40.57,40.57,8580100
07-03-2023,Mar,2023,Tuesday,40.555,42.189999,40.330002,41.57,41.57,12693500
08-03-2023,Mar,2023,Wednesday,41.209999,42,40.689999,41.349998,41.349998,7274000
09-03-2023,Mar,2023,Thursday,41.455002,42.650002,39.755001,39.939999,39.939999,8050300
10-03-2023,Mar,2023,Friday,41.580002,41.580002,39.150002,40.049999,40.049999,13852300
13-03-2023,Mar,2023,Monday,38.939999,42.049999,38.810001,41.41,41.41,15779900
14-03-2023,Mar,2023,Tuesday,42.299999,43.73,42.139999,43.189999,43.189999,15495300
15-03-2023,Mar,2023,Wednesday,42.715,43.099998,40.810001,42.720001,42.720001,16993100
16-03-2023,Mar,2023,Thursday,43.055,45.380001,42.400002,45.330002,45.330002,13368900
17-03-2023,Mar,2023,Friday,45.349998,45.470001,43.529999,43.689999,43.689999,13615300
20-03-2023,Mar,2023,Monday,43.369999,43.924999,42.259998,43.360001,43.360001,8261300
21-03-2023,Mar,2023,Tuesday,43.580002,45.490002,43.580002,44.740002,44.740002,8229500
22-03-2023,Mar,2023,Wednesday,44.810001,44.950001,42.805,42.849998,42.849998,7304300
23-03-2023,Mar,2023,Thursday,43.619999,44,41.105,42.07,42.07,11859900
24-03-2023,Mar,2023,Friday,44.279999,44.84,42.889,43.43,43.43,14536900
27-03-2023,Mar,2023,Monday,43.700001,44.435001,42.235001,42.27,42.27,6444900
28-03-2023,Mar,2023,Tuesday,42,42.580002,41.459999,41.849998,41.849998,6145900
29-03-2023,Mar,2023,Wednesday,42.509998,43.349998,41.990002,43.009998,43.009998,7406000
30-03-2023,Mar,2023,Thursday,43.639999,44.09,42.695,43.110001,43.110001,7363100
31-03-2023,Mar,2023,Friday,43.169998,45.105,42.779999,44.98,44.98,7965900
03-04-2023,Apr,2023,Monday,44.450001,46.5,44.273998,46.419998,46.419998,11268500
04-04-2023,Apr,2023,Tuesday,46.73,47.650002,45.66,46.290001,46.290001,14233800
05-04-2023,Apr,2023,Wednesday,45.52,46.056999,44.330002,45.389999,45.389999,8102500
06-04-2023,Apr,2023,Thursday,44.860001,46.41,44.419998,46.200001,46.200001,7228600
10-04-2023,Apr,2023,Monday,45.330002,46.48,44.439999,46.43,46.43,9889600
11-04-2023,Apr,2023,Tuesday,46.66,46.990002,45.57,46.060001,46.060001,6452300
12-04-2023,Apr,2023,Wednesday,47.049999,47.650002,45.07,45.200001,45.200001,8812500
13-04-2023,Apr,2023,Thursday,45.764999,46.900002,45.57,45.700001,45.700001,7538400
14-04-2023,Apr,2023,Friday,45.400002,46.119999,44.939999,45.700001,45.700001,5824700
17-04-2023,Apr,2023,Monday,40.040001,41,39.099998,40.209999,40.209999,33375300
18-04-2023,Apr,2023,Tuesday,40.509998,41.09,39.889999,40.810001,40.810001,11294600
19-04-2023,Apr,2023,Wednesday,40.400002,41.580002,40.02,41.09,41.09,8712300
20-04-2023,Apr,2023,Thursday,40.5,41.990002,40.48,41.310001,41.310001,9667600
21-04-2023,Apr,2023,Friday,41.200001,41.810001,40.619999,40.700001,40.700001,7482000
24-04-2023,Apr,2023,Monday,40.389999,40.790001,38.509998,39.060001,39.060001,11186000
25-04-2023,Apr,2023,Tuesday,38.610001,38.970001,37.438,37.57,37.57,8867600
26-04-2023,Apr,2023,Wednesday,38,38.029999,35.490002,35.759998,35.759998,10959500
27-04-2023,Apr,2023,Thursday,36.279999,36.360001,35.158001,35.540001,35.540001,8534800
28-04-2023,Apr,2023,Friday,35.049999,35.740002,34.52,35.599998,35.599998,6750200
01-05-2023,May,2023,Monday,35.509998,36.509998,35.330002,36,36,6996600
02-05-2023,May,2023,Tuesday,35.790001,35.790001,34.380001,34.450001,34.450001,7173400
03-05-2023,May,2023,Wednesday,34.549999,35.310001,34.099998,34.23,34.23,6598700
04-05-2023,May,2023,Thursday,34.275002,34.605,33.702999,34.48,34.48,6308000
05-05-2023,May,2023,Friday,35.139999,35.23,34.509998,35.049999,35.049999,5388900
08-05-2023,May,2023,Monday,36.139999,37.07,35.761002,36.279999,36.279999,9509300
09-05-2023,May,2023,Tuesday,35.720001,36.77,35.700001,36.189999,36.189999,12307900
10-05-2023,May,2023,Wednesday,37.330002,39.77,36.110001,38.869999,38.869999,26827900
11-05-2023,May,2023,Thursday,40.52,41.619999,39.549999,39.880001,39.880001,14781200
12-05-2023,May,2023,Friday,39.41,40.23,38.580002,39.360001,39.360001,8570400
15-05-2023,May,2023,Monday,39.169998,39.169998,37.950001,38.970001,38.970001,7637600
16-05-2023,May,2023,Tuesday,38.900002,39.669998,38.139999,39.25,39.25,6911700
17-05-2023,May,2023,Wednesday,39.889999,42.18,39.66,41.830002,41.830002,12555000
18-05-2023,May,2023,Thursday,41.970001,42.68,41.389999,42.07,42.07,8249600
19-05-2023,May,2023,Friday,40.98,41.040001,39.215,40.009998,40.009998,10859000
22-05-2023,May,2023,Monday,40.380001,40.66,39.224998,39.490002,39.490002,9733100
23-05-2023,May,2023,Tuesday,39.169998,40.919998,39.169998,39.66,39.66,7681000
24-05-2023,May,2023,Wednesday,38.759998,40.619999,38.66,40.509998,40.509998,6601900
25-05-2023,May,2023,Thursday,40.790001,40.875,39.029999,39.509998,39.509998,5852100
26-05-2023,May,2023,Friday,39.400002,40.494999,39.380001,40.119999,40.119999,4398900
30-05-2023,May,2023,Tuesday,40.380001,40.950001,39.299999,39.59,39.59,6908600
31-05-2023,May,2023,Wednesday,39.34,42,39.25,41.860001,41.860001,12351500
01-06-2023,Jun,2023,Thursday,41.619999,42.900002,41.299999,42.130001,42.130001,6743800
02-06-2023,Jun,2023,Friday,42.310001,42.990002,40.259998,40.34,40.34,9276200
05-06-2023,Jun,2023,Monday,40.27,41.139999,39.5,40.790001,40.790001,6519700
06-06-2023,Jun,2023,Tuesday,40.695,41.630001,40.599998,41.330002,41.330002,7236200
07-06-2023,Jun,2023,Wednesday,40.18,40.98,38.349998,38.639999,38.639999,9867700
08-06-2023,Jun,2023,Thursday,38.189999,38.91,37.619999,38.869999,38.869999,6349600
09-06-2023,Jun,2023,Friday,39.130001,40.080002,38.400002,38.689999,38.689999,5941300
12-06-2023,Jun,2023,Monday,38.82,39.369999,38.220001,38.950001,38.950001,6832800
13-06-2023,Jun,2023,Tuesday,40.220001,40.490002,38.755001,40.279999,40.279999,10229800
14-06-2023,Jun,2023,Wednesday,40,40.075001,38.880001,39.91,39.91,8265100
15-06-2023,Jun,2023,Thursday,39.689999,40.884998,39.23,40.630001,40.630001,7161700
16-06-2023,Jun,2023,Friday,40.880001,42.860001,40.740002,41.799999,41.799999,15375200
